{"cameraMode":{"drawMode":0,"name":"Shaded","section":"Shading Mode"},"sceneLighting":true,"audioPlay":false,"sceneViewState":{"m_AlwaysRefresh":false,"showFog":true,"showSkybox":true,"showFlares":false,"showImageEffects":false,"showParticleSystems":true,"showVisualEffectGraphs":true,"m_FxEnabled":true},"in2DMode":false,"pivot":{"x":-14.565041542053223,"y":-12.734418869018555,"z":19.617422103881837},"rotation":{"x":0.428449809551239,"y":0.009479032829403878,"z":-0.004503623582422733,"w":0.9034841656684876},"size":16.290794372558595,"orthographic":false}