{"cameraMode":{"drawMode":0,"name":"Shaded","section":"Shading Mode"},"sceneLighting":true,"audioPlay":false,"sceneViewState":{"m_AlwaysRefresh":false,"showFog":true,"showSkybox":true,"showFlares":false,"showImageEffects":false,"showParticleSystems":true,"showVisualEffectGraphs":true,"m_FxEnabled":true},"in2DMode":false,"pivot":{"x":-5.838557243347168,"y":-22.29388427734375,"z":13.963279724121094},"rotation":{"x":0.4486745297908783,"y":0.008034798316657544,"z":-0.004042875953018665,"w":0.8936285972595215},"size":23.382749557495118,"orthographic":false}